date,league,stage,match_id,team1,team2,viewership_peak,viewership_average,duration_minutes,hours_watched,social_engagement_twitter,social_engagement_reddit,social_engagement_youtube,stream_platform,region,tournament_tier,co_streaming_hours,language_breakdown
2024-11-02,Worlds,Finals,WCS2024_F1,T1,Bilibili Gaming,6856769,1731157,110,190138692,6850000,100000,2450000,Multi-platform,Global,International,87500000,Korean:2M|English:1.69M|Vietnamese:805K
2024-04-14,LCK,Spring Finals,LCK2024_SF,T1,Gen.G,2656938,354927,277,98137278,2500000,45000,800000,Multi-platform,Korea,Regional,25000000,Korean:2.66M|English:200K
2024-05-19,MSI,Finals,MSI2024_F,Gen.G,Bilibili Gaming,2829728,1013678,77,78475561,2800000,60000,900000,Multi-platform,Global,International,30000000,Chinese:1.5M|English:800K|Korean:500K
2023-11-19,Worlds,Finals,WCS2023_F1,T1,Weibo Gaming,6400000,1600000,105,147000000,6000000,90000,2000000,Multi-platform,Global,International,70000000,Korean:1.8M|English:1.5M|Vietnamese:700K
2022-11-05,Worlds,Finals,WCS2022_F1,DRX,T1,5150000,1400000,98,120000000,5000000,80000,1800000,Multi-platform,Global,International,60000000,Korean:1.5M|English:1.2M|Vietnamese:600K
2024-03-30,CBLOL,Finals,CBLOL2024_F,LOUD,RED Canids,450000,210000,90,18000000,400000,20000,50000,Twitch,Brazil,Regional,8000000,Portuguese:400K|English:30K
2024-04-21,LEC,Spring Finals,LEC2024_SF,G2,Karmine Corp,590000,270000,86,21000000,350000,15000,60000,Twitch,Europe,Regional,5000000,French:200K|English:300K|German:50K
2024-04-14,LCS,Spring Finals,LCS2024_SF,FlyQuest,Team Liquid,240000,120000,80,10760000,120000,8000,20000,Twitch,NA,Regional,2000000,English:120K|Spanish:20K
2024-04-14,CBLOL,Spring Finals,CBLOL2024_SF,LOUD,Fluxo,320000,150000,75,12000000,300000,10000,30000,Twitch,Brazil,Regional,6000000,Portuguese:300K|English:20K
2024-04-14,LEC,Summer Finals,LEC2024_SuF,G2,FNATIC,420000,200000,86,18000000,200000,12000,40000,Twitch,Europe,Regional,4000000,French:100K|English:250K|German:30K
